"File Path","Line","Context","Chinese Text","Suggested Key","i18n Key","Replacement"
"src/pages/system/auth/index.vue","100","text","验证码模态框是否出现","验证码模态框是否出现","message.text.验证码模态框是否出现","$t('message.text.验证码模态框是否出现')"
"src/pages/system/auth/index.vue","108","text","版权图片","版权图片","message.text.版权图片","$t('message.text.版权图片')"
"src/pages/system/backendRouting/components/MonacoEditor.vue","32","text","只读","只读","message.text.只读","$t('message.text.只读')"
"src/pages/system/backendRouting/components/MonacoEditor.vue","33","text","光标样式","光标样式","message.text.光标样式","$t('message.text.光标样式')"
"src/pages/system/backendRouting/components/MonacoEditor.vue","34","text","自动布局","自动布局","message.text.自动布局","$t('message.text.自动布局')"
"src/pages/system/backendRouting/components/MonacoEditor.vue","35","text","字形边缘","字形边缘","message.text.字形边缘","$t('message.text.字形边缘')"
"src/pages/system/backendRouting/components/MonacoEditor.vue","37","text","字体大小","字体大小","message.text.字体大小","$t('message.text.字体大小')"
"src/pages/system/backendRouting/components/MonacoEditor.vue","38","text","自动布局","自动布局","message.text.自动布局","$t('message.text.自动布局')"
"src/pages/system/backendRouting/components/MonacoEditor.vue","50","text","见","见","message.text.见","$t('message.text.见')"
"src/pages/system/backendRouting/components/MonacoEditor.vue","52","text","编辑器主题","编辑器主题","message.text.编辑器主题","$t('message.text.编辑器主题')"
"src/pages/system/backendRouting/components/MonacoEditor.vue","52","text","更多选择详见官网","更多选择详见官网","message.text.更多选择详见官网","$t('message.text.更多选择详见官网')"
"src/pages/system/backendRouting/components/MonacoEditor.vue","53","text","自动布局","自动布局","message.text.自动布局","$t('message.text.自动布局')"
"src/pages/system/backendRouting/components/MonacoEditor.vue","57","text","竖滚动条","竖滚动条","message.text.竖滚动条","$t('message.text.竖滚动条')"
"src/pages/system/backendRouting/components/MonacoEditor.vue","58","text","横滚动条","横滚动条","message.text.横滚动条","$t('message.text.横滚动条')"
"src/pages/system/backendRouting/components/MonacoEditor.vue","61","text","同","同","message.text.同","$t('message.text.同')"
"src/pages/system/backendRouting/debugging.vue","68","title","必填","必填","message.title.必填","$t('message.title.必填')"
"src/pages/system/backendRouting/debugging.vue","70","text","是","是","message.text.是","$t('message.text.是')"
"src/pages/system/backendRouting/debugging.vue","70","text","否","否","message.text.否","$t('message.text.否')"
"src/pages/system/backendRouting/debugging.vue","73","title","说明","说明","message.title.说明","$t('message.title.说明')"
"src/pages/system/backendRouting/debugging.vue","142","title","必填","必填","message.title.必填","$t('message.title.必填')"
"src/pages/system/backendRouting/debugging.vue","144","text","是","是","message.text.是","$t('message.text.是')"
"src/pages/system/backendRouting/debugging.vue","144","text","否","否","message.text.否","$t('message.text.否')"
"src/pages/system/backendRouting/debugging.vue","147","title","说明","说明","message.title.说明","$t('message.title.说明')"
"src/pages/system/backendRouting/debugging.vue","160","text","插入","插入","message.text.插入","$t('message.text.插入')"
"src/pages/system/backendRouting/debugging.vue","162","button","删除","删除","message.button.删除","$t('message.button.删除')"
"src/pages/system/backendRouting/debugging.vue","170","text","添加参数","添加参数","message.text.添加参数","$t('message.text.添加参数')"
"src/pages/system/backendRouting/debugging.vue","187","title","属性","属性","message.title.属性","$t('message.title.属性')"
"src/pages/system/backendRouting/debugging.vue","197","title","操作","操作","message.title.操作","$t('message.title.操作')"
"src/pages/system/backendRouting/debugging.vue","205","text","插入","插入","message.text.插入","$t('message.text.插入')"
"src/pages/system/backendRouting/debugging.vue","207","button","删除","删除","message.button.删除","$t('message.button.删除')"
"src/pages/system/backendRouting/debugging.vue","211","button","添加参数","添加参数","message.button.添加参数","$t('message.button.添加参数')"
"src/pages/system/backendRouting/debugging.vue","266","text","当前编辑器对象","当前编辑器对象","message.text.当前编辑器对象","$t('message.text.当前编辑器对象')"
"src/pages/system/backendRouting/debugging.vue","311","text","复制成功","复制成功","message.text.复制成功","$t('message.text.复制成功')"
"src/pages/system/backendRouting/debugging.vue","469","text","需要指定父节点","需要指定父节点","message.text.需要指定父节点","$t('message.text.需要指定父节点')"
"src/pages/system/backendRouting/debugging.vue","469","text","自动插入该节点中","自动插入该节点中","message.text.自动插入该节点中","$t('message.text.自动插入该节点中')"
"src/pages/system/backendRouting/debugging.vue","477","text","需要指定父节点","需要指定父节点","message.text.需要指定父节点","$t('message.text.需要指定父节点')"
"src/pages/system/backendRouting/debugging.vue","477","text","自动插入该节点中","自动插入该节点中","message.text.自动插入该节点中","$t('message.text.自动插入该节点中')"
"src/pages/system/backendRouting/debugging.vue","481","text","将父节点展开","将父节点展开","message.text.将父节点展开","$t('message.text.将父节点展开')"
"src/pages/system/backendRouting/debugging.vue","482","text","插入子节点","插入子节点","message.text.插入子节点","$t('message.text.插入子节点')"
"src/pages/system/backendRouting/index.vue","72","text","新建文件夹","新建文件夹","message.text.新建文件夹","$t('message.text.新建文件夹')"
"src/pages/system/backendRouting/index.vue","209","title","属性","属性","message.title.属性","$t('message.title.属性')"
"src/pages/system/backendRouting/index.vue","284","title","属性","属性","message.title.属性","$t('message.title.属性')"
"src/pages/system/backendRouting/index.vue","354","title","属性","属性","message.title.属性","$t('message.title.属性')"
"src/pages/system/backendRouting/index.vue","430","title","属性","属性","message.title.属性","$t('message.title.属性')"
"src/pages/system/backendRouting/index.vue","449","title","必填","必填","message.title.必填","$t('message.title.必填')"
"src/pages/system/backendRouting/index.vue","486","label","请求数据示例","请求数据示例","message.label.请求数据示例","$t('message.label.请求数据示例')"
"src/pages/system/backendRouting/index.vue","493","placeholder","请输入","请输入","message.placeholder.请输入","$t('message.placeholder.请输入')"
"src/pages/system/backendRouting/index.vue","509","placeholder","请输入","请输入","message.placeholder.请输入","$t('message.placeholder.请输入')"
"src/pages/system/backendRouting/index.vue","565","button","保存","保存","message.button.保存","$t('message.button.保存')"
"src/pages/system/backendRouting/index.vue","650","text","请输入正确的描述","请输入正确的描述","message.text.请输入正确的描述","$t('message.text.请输入正确的描述')"
"src/pages/system/backendRouting/index.vue","650","text","不能多于","不能多于","message.text.不能多于","$t('message.text.不能多于')"
"src/pages/system/backendRouting/index.vue","650","text","位数","位数","message.text.位数","$t('message.text.位数')"
"src/pages/system/backendRouting/index.vue","731","text","左侧导航右键点击是产生的数据对象","左侧导航右键点击是产生的数据对象","message.text.左侧导航右键点击是产生的数据对象","$t('message.text.左侧导航右键点击是产生的数据对象')"
"src/pages/system/backendRouting/index.vue","794","text","立即同步","立即同步","message.text.立即同步","$t('message.text.立即同步')"
"src/pages/system/backendRouting/index.vue","795","text","同步之后","同步之后","message.text.同步之后","$t('message.text.同步之后')"
"src/pages/system/backendRouting/index.vue","795","text","路由文件中新增的接口添加到接口列表中","路由文件中新增的接口添加到接口列表中","message.text.路由文件中新增的接口添加到接口列表中","$t('message.text.路由文件中新增的接口添加到接口列表中')"
"src/pages/system/backendRouting/index.vue","795","text","路由文件中删除的路由会同步的在接口列表中删除","路由文件中删除的路由会同步的在接口列表中删除","message.text.路由文件中删除的路由会同步的在接口列表中删除","$t('message.text.路由文件中删除的路由会同步的在接口列表中删除')"
"src/pages/system/backendRouting/index.vue","797","text","取消","取消","message.text.取消","$t('message.text.取消')"
"src/pages/system/backendRouting/index.vue","798","text","确定","确定","message.text.确定","$t('message.text.确定')"
"src/pages/system/backendRouting/index.vue","958","text","需要指定父节点","需要指定父节点","message.text.需要指定父节点","$t('message.text.需要指定父节点')"
"src/pages/system/backendRouting/index.vue","958","text","自动插入该节点中","自动插入该节点中","message.text.自动插入该节点中","$t('message.text.自动插入该节点中')"
"src/pages/system/backendRouting/index.vue","966","text","需要指定父节点","需要指定父节点","message.text.需要指定父节点","$t('message.text.需要指定父节点')"
"src/pages/system/backendRouting/index.vue","966","text","自动插入该节点中","自动插入该节点中","message.text.自动插入该节点中","$t('message.text.自动插入该节点中')"
"src/pages/system/backendRouting/index.vue","974","text","需要指定父节点","需要指定父节点","message.text.需要指定父节点","$t('message.text.需要指定父节点')"
"src/pages/system/backendRouting/index.vue","974","text","自动插入该节点中","自动插入该节点中","message.text.自动插入该节点中","$t('message.text.自动插入该节点中')"
"src/pages/system/backendRouting/index.vue","978","text","将父节点展开","将父节点展开","message.text.将父节点展开","$t('message.text.将父节点展开')"
"src/pages/system/backendRouting/index.vue","979","text","插入子节点","插入子节点","message.text.插入子节点","$t('message.text.插入子节点')"
"src/pages/system/backendRouting/index.vue","1094","text","侧边栏点击事件","侧边栏点击事件","message.text.侧边栏点击事件","$t('message.text.侧边栏点击事件')"
"src/pages/system/backendRouting/index.vue","1123","text","提示","提示","message.text.提示","$t('message.text.提示')"
"src/pages/system/backendRouting/index.vue","1124","text","删除后无法恢复","删除后无法恢复","message.text.删除后无法恢复","$t('message.text.删除后无法恢复')"
"src/pages/system/backendRouting/index.vue","1124","text","请确认后删除","请确认后删除","message.text.请确认后删除","$t('message.text.请确认后删除')"
"src/pages/system/backendRouting/index.vue","1126","text","取消","取消","message.text.取消","$t('message.text.取消')"
"src/pages/system/backendRouting/index.vue","1127","text","确定","确定","message.text.确定","$t('message.text.确定')"
"src/pages/system/backendRouting/index.vue","1212","text","设置溢出滚动","设置溢出滚动","message.text.设置溢出滚动","$t('message.text.设置溢出滚动')"
"src/pages/system/backendRouting/index.vue","1215","text","隐藏滚动条","隐藏滚动条","message.text.隐藏滚动条","$t('message.text.隐藏滚动条')"
"src/pages/system/clear/index.vue","4","button","清除缓存","清除缓存","message.button.清除缓存","$t('message.button.清除缓存')"
"src/pages/system/clear/index.vue","5","button","清除日志","清除日志","message.button.清除日志","$t('message.button.清除日志')"
"src/pages/system/codeGeneration/components/TableForm.vue","305","text","字典名称","字典名称","message.text.字典名称","$t('message.text.字典名称')"
"src/pages/system/codeGeneration/components/TableForm.vue","306","text","默认类型","默认类型","message.text.默认类型","$t('message.text.默认类型')"
"src/pages/system/codeGeneration/components/TableForm.vue","307","text","关联表","关联表","message.text.关联表","$t('message.text.关联表')"
"src/pages/system/codeGeneration/components/TableForm.vue","394","text","伪删除","伪删除","message.text.伪删除","$t('message.text.伪删除')"
"src/pages/system/codeGeneration/components/TableForm.vue","397","text","添加和修改时间","添加和修改时间","message.text.添加和修改时间","$t('message.text.添加和修改时间')"
"src/pages/system/codeGeneration/index.vue","166","text","请先填写表名","请先填写表名","message.text.请先填写表名","$t('message.text.请先填写表名')"
"src/pages/system/codeGeneration/index.vue","183","text","自增","自增","message.text.自增","$t('message.text.自增')"
"src/pages/system/codeGeneration/index.vue","201","text","请输入表名","请输入表名","message.text.请输入表名","$t('message.text.请输入表名')"
"src/pages/system/codeGeneration/index.vue","202","text","请输入模块名","请输入模块名","message.text.请输入模块名","$t('message.text.请输入模块名')"
"src/pages/system/codeGeneration/index.vue","204","text","请先添加表数据","请先添加表数据","message.text.请先添加表数据","$t('message.text.请先添加表数据')"
"src/pages/system/codeGeneration/index.vue","212","text","请完善","请完善","message.text.请完善","$t('message.text.请完善')"
"src/pages/system/codeGeneration/index.vue","212","text","表数据","表数据","message.text.表数据","$t('message.text.表数据')"
"src/pages/system/codeGeneration/index.vue","231","text","生成提醒","生成提醒","message.text.生成提醒","$t('message.text.生成提醒')"
"src/pages/system/codeGeneration/index.vue","232","text","重新提交会重新生成文件","重新提交会重新生成文件","message.text.重新提交会重新生成文件","$t('message.text.重新提交会重新生成文件')"
"src/pages/system/codeGeneration/index.vue","232","text","删除","删除","message.text.删除","$t('message.text.删除')"
"src/pages/system/codeGeneration/index.vue","232","text","新增","新增","message.text.新增","$t('message.text.新增')"
"src/pages/system/codeGeneration/index.vue","232","text","修改的字段将直接从改表中进行修改","修改的字段将直接从改表中进行修改","message.text.修改的字段将直接从改表中进行修改","$t('message.text.修改的字段将直接从改表中进行修改')"
"src/pages/system/codeGeneration/index.vue","232","text","请慎重操作","请慎重操作","message.text.请慎重操作","$t('message.text.请慎重操作')"
"src/pages/system/codeGeneration/index.vue","234","text","取消","取消","message.text.取消","$t('message.text.取消')"
"src/pages/system/codeGeneration/index.vue","235","text","确定","确定","message.text.确定","$t('message.text.确定')"
"src/pages/system/codeGeneration/index.vue","245","text","生成提醒","生成提醒","message.text.生成提醒","$t('message.text.生成提醒')"
"src/pages/system/codeGeneration/index.vue","247","text","生成后本地开发调试会直接加载生成的","生成后本地开发调试会直接加载生成的","message.text.生成后本地开发调试会直接加载生成的","$t('message.text.生成后本地开发调试会直接加载生成的')"
"src/pages/system/codeGeneration/index.vue","247","text","页面","页面","message.text.页面","$t('message.text.页面')"
"src/pages/system/codeGeneration/index.vue","247","text","如果是上线后进行生成","如果是上线后进行生成","message.text.如果是上线后进行生成","$t('message.text.如果是上线后进行生成')"
"src/pages/system/codeGeneration/index.vue","247","text","可以进行浏览","可以进行浏览","message.text.可以进行浏览","$t('message.text.可以进行浏览')"
"src/pages/system/codeGeneration/index.vue","247","text","代码生成列表中的修改文件将不生效","代码生成列表中的修改文件将不生效","message.text.代码生成列表中的修改文件将不生效","$t('message.text.代码生成列表中的修改文件将不生效')"
"src/pages/system/codeGeneration/index.vue","247","text","需要重新打包上线","需要重新打包上线","message.text.需要重新打包上线","$t('message.text.需要重新打包上线')"
"src/pages/system/codeGeneration/index.vue","249","text","取消","取消","message.text.取消","$t('message.text.取消')"
"src/pages/system/codeGeneration/index.vue","250","text","确定","确定","message.text.确定","$t('message.text.确定')"
"src/pages/system/codeGeneration/list.vue","5","button","重新发布","重新发布","message.button.重新发布","$t('message.button.重新发布')"
"src/pages/system/codeGeneration/list.vue","116","label","用户管理","用户管理","message.label.用户管理","$t('message.label.用户管理')"
"src/pages/system/codeGeneration/list.vue","116","label","用户管理","用户管理","message.label.用户管理","$t('message.label.用户管理')"
"src/pages/system/codeGeneration/list.vue","117","label","配置管理","配置管理","message.label.配置管理","$t('message.label.配置管理')"
"src/pages/system/codeGeneration/list.vue","117","label","配置管理","配置管理","message.label.配置管理","$t('message.label.配置管理')"
"src/pages/system/codeGeneration/list.vue","118","label","角色管理","角色管理","message.label.角色管理","$t('message.label.角色管理')"
"src/pages/system/codeGeneration/list.vue","118","label","角色管理","角色管理","message.label.角色管理","$t('message.label.角色管理')"
"src/pages/system/codeGeneration/list.vue","119","label","定时任务补偿","定时任务补偿","message.label.定时任务补偿","$t('message.label.定时任务补偿')"
"src/pages/system/codeGeneration/list.vue","119","label","定时任务补偿","定时任务补偿","message.label.定时任务补偿","$t('message.label.定时任务补偿')"
"src/pages/system/codeGeneration/list.vue","195","text","菜单名","菜单名","message.text.菜单名","$t('message.text.菜单名')"
"src/pages/system/codeGeneration/list.vue","200","text","表名","表名","message.text.表名","$t('message.text.表名')"
"src/pages/system/codeGeneration/list.vue","205","text","字符集","字符集","message.text.字符集","$t('message.text.字符集')"
"src/pages/system/codeGeneration/list.vue","210","text","表备注","表备注","message.text.表备注","$t('message.text.表备注')"
"src/pages/system/codeGeneration/list.vue","215","text","添加时间","添加时间","message.text.添加时间","$t('message.text.添加时间')"
"src/pages/system/codeGeneration/list.vue","220","text","操作","操作","message.text.操作","$t('message.text.操作')"
"src/pages/system/codeGeneration/list.vue","230","text","编辑器数组","编辑器数组","message.text.编辑器数组","$t('message.text.编辑器数组')"
"src/pages/system/codeGeneration/list.vue","231","text","当前编辑器索引","当前编辑器索引","message.text.当前编辑器索引","$t('message.text.当前编辑器索引')"
"src/pages/system/codeGeneration/list.vue","232","text","当前文件打开时的内容","当前文件打开时的内容","message.text.当前文件打开时的内容","$t('message.text.当前文件打开时的内容')"
"src/pages/system/codeGeneration/list.vue","233","text","左侧导航右键点击是产生的数据对象","左侧导航右键点击是产生的数据对象","message.text.左侧导航右键点击是产生的数据对象","$t('message.text.左侧导航右键点击是产生的数据对象')"
"src/pages/system/codeGeneration/list.vue","235","text","文件操作类型","文件操作类型","message.text.文件操作类型","$t('message.text.文件操作类型')"
"src/pages/system/codeGeneration/list.vue","235","text","创建文件夹","创建文件夹","message.text.创建文件夹","$t('message.text.创建文件夹')"
"src/pages/system/codeGeneration/list.vue","235","text","创建文件","创建文件","message.text.创建文件","$t('message.text.创建文件')"
"src/pages/system/codeGeneration/list.vue","235","text","删除文件夹或者文件","删除文件夹或者文件","message.text.删除文件夹或者文件","$t('message.text.删除文件夹或者文件')"
"src/pages/system/codeGeneration/list.vue","236","text","全屏","全屏","message.text.全屏","$t('message.text.全屏')"
"src/pages/system/codeGeneration/list.vue","236","text","名","名","message.text.名","$t('message.text.名')"
"src/pages/system/codeGeneration/list.vue","238","text","编辑器开关","编辑器开关","message.text.编辑器开关","$t('message.text.编辑器开关')"
"src/pages/system/codeGeneration/list.vue","239","text","当前编辑器对象","当前编辑器对象","message.text.当前编辑器对象","$t('message.text.当前编辑器对象')"
"src/pages/system/codeGeneration/list.vue","259","text","关闭","关闭","message.text.关闭","$t('message.text.关闭')"
"src/pages/system/codeGeneration/list.vue","289","text","因","因","message.text.因","$t('message.text.因')"
"src/pages/system/codeGeneration/list.vue","289","text","中","中","message.text.中","$t('message.text.中')"
"src/pages/system/codeGeneration/list.vue","289","text","的指向变了","的指向变了","message.text.的指向变了","$t('message.text.的指向变了')"
"src/pages/system/codeGeneration/list.vue","289","text","所以要提前存储一下","所以要提前存储一下","message.text.所以要提前存储一下","$t('message.text.所以要提前存储一下')"
"src/pages/system/codeGeneration/list.vue","296","text","暂不支持","暂不支持","message.text.暂不支持","$t('message.text.暂不支持')"
"src/pages/system/codeGeneration/list.vue","407","text","窗口最大化","窗口最大化","message.text.窗口最大化","$t('message.text.窗口最大化')"
"src/pages/system/codeGeneration/list.vue","417","text","初始化编辑器","初始化编辑器","message.text.初始化编辑器","$t('message.text.初始化编辑器')"
"src/pages/system/codeGeneration/list.vue","425","text","编辑器初始显示文字","编辑器初始显示文字","message.text.编辑器初始显示文字","$t('message.text.编辑器初始显示文字')"
"src/pages/system/codeGeneration/list.vue","426","text","语言支持自行查阅","语言支持自行查阅","message.text.语言支持自行查阅","$t('message.text.语言支持自行查阅')"
"src/pages/system/codeGeneration/list.vue","427","text","自动布局","自动布局","message.text.自动布局","$t('message.text.自动布局')"
"src/pages/system/codeGeneration/list.vue","428","text","官方自带三种主题","官方自带三种主题","message.text.官方自带三种主题","$t('message.text.官方自带三种主题')"
"src/pages/system/codeGeneration/list.vue","429","text","代码可分小段折叠","代码可分小段折叠","message.text.代码可分小段折叠","$t('message.text.代码可分小段折叠')"
"src/pages/system/codeGeneration/list.vue","430","text","不要滚动条的边框","不要滚动条的边框","message.text.不要滚动条的边框","$t('message.text.不要滚动条的边框')"
"src/pages/system/codeGeneration/list.vue","433","text","竖滚动条","竖滚动条","message.text.竖滚动条","$t('message.text.竖滚动条')"
"src/pages/system/codeGeneration/list.vue","434","text","横滚动条","横滚动条","message.text.横滚动条","$t('message.text.横滚动条')"
"src/pages/system/codeGeneration/list.vue","436","text","自动布局","自动布局","message.text.自动布局","$t('message.text.自动布局')"
"src/pages/system/codeGeneration/list.vue","437","text","缩进长度","缩进长度","message.text.缩进长度","$t('message.text.缩进长度')"
"src/pages/system/codeGeneration/list.vue","454","text","处理接口回调","处理接口回调","message.text.处理接口回调","$t('message.text.处理接口回调')"
"src/pages/system/codeGeneration/list.vue","483","text","编辑器开关","编辑器开关","message.text.编辑器开关","$t('message.text.编辑器开关')"
"src/pages/system/codeGeneration/list.vue","484","text","当前编辑器对象","当前编辑器对象","message.text.当前编辑器对象","$t('message.text.当前编辑器对象')"
"src/pages/system/codeGeneration/list.vue","494","text","编辑器数组","编辑器数组","message.text.编辑器数组","$t('message.text.编辑器数组')"
"src/pages/system/codeGeneration/list.vue","495","text","当前编辑器索引","当前编辑器索引","message.text.当前编辑器索引","$t('message.text.当前编辑器索引')"
"src/pages/system/codeGeneration/list.vue","496","text","当前文件打开时的内容","当前文件打开时的内容","message.text.当前文件打开时的内容","$t('message.text.当前文件打开时的内容')"
"src/pages/system/codeGeneration/list.vue","497","text","左侧导航右键点击是产生的数据对象","左侧导航右键点击是产生的数据对象","message.text.左侧导航右键点击是产生的数据对象","$t('message.text.左侧导航右键点击是产生的数据对象')"
"src/pages/system/codeGeneration/list.vue","500","text","切换选项卡","切换选项卡","message.text.切换选项卡","$t('message.text.切换选项卡')"
"src/pages/system/codeGeneration/list.vue","505","text","设置文件打开时的代码","设置文件打开时的代码","message.text.设置文件打开时的代码","$t('message.text.设置文件打开时的代码')"
"src/pages/system/codeGeneration/list.vue","506","text","设置编辑器实例","设置编辑器实例","message.text.设置编辑器实例","$t('message.text.设置编辑器实例')"
"src/pages/system/codeGeneration/list.vue","511","text","关闭选项卡","关闭选项卡","message.text.关闭选项卡","$t('message.text.关闭选项卡')"
"src/pages/system/configTab/index.vue","92","text","新建","新建","message.text.新建","$t('message.text.新建')"
"src/pages/system/configTab/index.vue","92","text","编辑表单","编辑表单","message.text.编辑表单","$t('message.text.编辑表单')"
"src/pages/system/configTab/list.vue","11","button","配置分类","配置分类","message.button.配置分类","$t('message.button.配置分类')"
"src/pages/system/configTab/list.vue","113","text","新建","新建","message.text.新建","$t('message.text.新建')"
"src/pages/system/configTab/list.vue","113","text","表单","表单","message.text.表单","$t('message.text.表单')"
"src/pages/system/configTab/list.vue","145","text","编辑表单","编辑表单","message.text.编辑表单","$t('message.text.编辑表单')"
"src/pages/system/crontab/createModal.vue","154","text","每隔","每隔","message.text.每隔","$t('message.text.每隔')"
"src/pages/system/crontab/createModal.vue","154","text","秒","秒","message.text.秒","$t('message.text.秒')"
"src/pages/system/crontab/createModal.vue","158","text","每隔","每隔","message.text.每隔","$t('message.text.每隔')"
"src/pages/system/crontab/createModal.vue","158","text","分钟","分钟","message.text.分钟","$t('message.text.分钟')"
"src/pages/system/crontab/createModal.vue","162","text","每隔","每隔","message.text.每隔","$t('message.text.每隔')"
"src/pages/system/crontab/createModal.vue","162","text","小时","小时","message.text.小时","$t('message.text.小时')"
"src/pages/system/crontab/createModal.vue","166","text","每隔","每隔","message.text.每隔","$t('message.text.每隔')"
"src/pages/system/crontab/createModal.vue","166","text","天","天","message.text.天","$t('message.text.天')"
"src/pages/system/crontab/createModal.vue","170","text","每天","每天","message.text.每天","$t('message.text.每天')"
"src/pages/system/crontab/createModal.vue","174","text","每星期","每星期","message.text.每星期","$t('message.text.每星期')"
"src/pages/system/crontab/createModal.vue","178","text","每月","每月","message.text.每月","$t('message.text.每月')"
"src/pages/system/crontab/createModal.vue","182","text","每年","每年","message.text.每年","$t('message.text.每年')"
"src/pages/system/crontab/createModal.vue","190","text","键","键","message.text.键","$t('message.text.键')"
"src/pages/system/crontab/createModal.vue","204","text","当前编辑器对象","当前编辑器对象","message.text.当前编辑器对象","$t('message.text.当前编辑器对象')"
"src/pages/system/crontab/createModal.vue","297","text","初始化编辑器","初始化编辑器","message.text.初始化编辑器","$t('message.text.初始化编辑器')"
"src/pages/system/crontab/createModal.vue","305","text","编辑器初始显示文字","编辑器初始显示文字","message.text.编辑器初始显示文字","$t('message.text.编辑器初始显示文字')"
"src/pages/system/crontab/createModal.vue","306","text","语言支持自行查阅","语言支持自行查阅","message.text.语言支持自行查阅","$t('message.text.语言支持自行查阅')"
"src/pages/system/crontab/createModal.vue","307","text","自动布局","自动布局","message.text.自动布局","$t('message.text.自动布局')"
"src/pages/system/crontab/createModal.vue","308","text","官方自带三种主题","官方自带三种主题","message.text.官方自带三种主题","$t('message.text.官方自带三种主题')"
"src/pages/system/crontab/createModal.vue","309","text","代码可分小段折叠","代码可分小段折叠","message.text.代码可分小段折叠","$t('message.text.代码可分小段折叠')"
"src/pages/system/crontab/createModal.vue","310","text","不要滚动条的边框","不要滚动条的边框","message.text.不要滚动条的边框","$t('message.text.不要滚动条的边框')"
"src/pages/system/crontab/createModal.vue","317","text","自动布局","自动布局","message.text.自动布局","$t('message.text.自动布局')"
"src/pages/system/crontab/createModal.vue","318","text","缩进长度","缩进长度","message.text.缩进长度","$t('message.text.缩进长度')"
"src/pages/system/crontab/createModal.vue","359","text","示例代码","示例代码","message.text.示例代码","$t('message.text.示例代码')"
"src/pages/system/crontab/createModal.vue","359","text","直接写入数据库","直接写入数据库","message.text.直接写入数据库","$t('message.text.直接写入数据库')"
"src/pages/system/crontab/createModal.vue","359","text","调用系统方法","调用系统方法","message.text.调用系统方法","$t('message.text.调用系统方法')"
"src/pages/system/event/createModal.vue","110","text","键","键","message.text.键","$t('message.text.键')"
"src/pages/system/event/createModal.vue","119","text","当前编辑器对象","当前编辑器对象","message.text.当前编辑器对象","$t('message.text.当前编辑器对象')"
"src/pages/system/event/createModal.vue","133","text","初始化编辑器","初始化编辑器","message.text.初始化编辑器","$t('message.text.初始化编辑器')"
"src/pages/system/event/createModal.vue","141","text","编辑器初始显示文字","编辑器初始显示文字","message.text.编辑器初始显示文字","$t('message.text.编辑器初始显示文字')"
"src/pages/system/event/createModal.vue","142","text","语言支持自行查阅","语言支持自行查阅","message.text.语言支持自行查阅","$t('message.text.语言支持自行查阅')"
"src/pages/system/event/createModal.vue","143","text","自动布局","自动布局","message.text.自动布局","$t('message.text.自动布局')"
"src/pages/system/event/createModal.vue","144","text","官方自带三种主题","官方自带三种主题","message.text.官方自带三种主题","$t('message.text.官方自带三种主题')"
"src/pages/system/event/createModal.vue","145","text","代码可分小段折叠","代码可分小段折叠","message.text.代码可分小段折叠","$t('message.text.代码可分小段折叠')"
"src/pages/system/event/createModal.vue","146","text","不要滚动条的边框","不要滚动条的边框","message.text.不要滚动条的边框","$t('message.text.不要滚动条的边框')"
"src/pages/system/event/createModal.vue","153","text","自动布局","自动布局","message.text.自动布局","$t('message.text.自动布局')"
"src/pages/system/event/createModal.vue","154","text","缩进长度","缩进长度","message.text.缩进长度","$t('message.text.缩进长度')"
"src/pages/system/event/createModal.vue","194","text","示例代码","示例代码","message.text.示例代码","$t('message.text.示例代码')"
"src/pages/system/event/createModal.vue","194","text","参数使用实例","参数使用实例","message.text.参数使用实例","$t('message.text.参数使用实例')"
"src/pages/system/event/createModal.vue","194","text","直接写入数据库","直接写入数据库","message.text.直接写入数据库","$t('message.text.直接写入数据库')"
"src/pages/system/event/createModal.vue","194","text","调用系统方法","调用系统方法","message.text.调用系统方法","$t('message.text.调用系统方法')"
"src/pages/system/file/index.vue","25","text","是否显示上传按钮","是否显示上传按钮","message.text.是否显示上传按钮","$t('message.text.是否显示上传按钮')"
"src/pages/system/group/index.vue","78","text","新增","新增","message.text.新增","$t('message.text.新增')"
"src/pages/system/group/index.vue","78","text","编辑","编辑","message.text.编辑","$t('message.text.编辑')"
"src/pages/system/group/list.vue","6","button","返回","返回","message.button.返回","$t('message.button.返回')"
"src/pages/system/group/pc.vue","74","button","单选","单选","message.button.单选","$t('message.button.单选')"
"src/pages/system/group/pc.vue","146","button","单选","单选","message.button.单选","$t('message.button.单选')"
"src/pages/system/group/pc.vue","225","text","是否需要登录","是否需要登录","message.text.是否需要登录","$t('message.text.是否需要登录')"
"src/pages/system/group/pc.vue","321","button","保存","保存","message.button.保存","$t('message.button.保存')"
"src/pages/system/group/pc.vue","404","text","单选","单选","message.text.单选","$t('message.text.单选')"
"src/pages/system/group/pc.vue","422","text","编辑器不自动被内容撑高","编辑器不自动被内容撑高","message.text.编辑器不自动被内容撑高","$t('message.text.编辑器不自动被内容撑高')"
"src/pages/system/group/pc.vue","423","text","初始容器高度","初始容器高度","message.text.初始容器高度","$t('message.text.初始容器高度')"
"src/pages/system/group/pc.vue","424","text","初始容器宽度","初始容器宽度","message.text.初始容器宽度","$t('message.text.初始容器宽度')"
"src/pages/system/group/pc.vue","490","text","请输入内容","请输入内容","message.text.请输入内容","$t('message.text.请输入内容')"
"src/pages/system/group/pc.vue","495","text","关于我们","关于我们","message.text.关于我们","$t('message.text.关于我们')"
"src/pages/system/group/pc.vue","555","text","最多添加","最多添加","message.text.最多添加","$t('message.text.最多添加')"
"src/pages/system/group/pc.vue","555","text","张","张","message.text.张","$t('message.text.张')"
"src/pages/system/group/pc.vue","564","text","最多添加","最多添加","message.text.最多添加","$t('message.text.最多添加')"
"src/pages/system/group/pc.vue","564","text","个菜单","个菜单","message.text.个菜单","$t('message.text.个菜单')"
"src/pages/system/group/pc.vue","573","text","最多添加","最多添加","message.text.最多添加","$t('message.text.最多添加')"
"src/pages/system/group/pc.vue","573","text","个链接","个链接","message.text.个链接","$t('message.text.个链接')"
"src/pages/system/group/visualization.vue","182","text","暂无照片","暂无照片","message.text.暂无照片","$t('message.text.暂无照片')"
"src/pages/system/group/visualization.vue","182","text","请添加","请添加","message.text.请添加","$t('message.text.请添加')"
"src/pages/system/group/visualization.vue","194","text","签到天数设置","签到天数设置","message.text.签到天数设置","$t('message.text.签到天数设置')"
"src/pages/system/group/visualization.vue","198","text","添加数据","添加数据","message.text.添加数据","$t('message.text.添加数据')"
"src/pages/system/group/visualization.vue","200","text","添加数据","添加数据","message.text.添加数据","$t('message.text.添加数据')"
"src/pages/system/group/visualization.vue","211","text","暂无数据","暂无数据","message.text.暂无数据","$t('message.text.暂无数据')"
"src/pages/system/group/visualization.vue","212","text","暂无筛选结果","暂无筛选结果","message.text.暂无筛选结果","$t('message.text.暂无筛选结果')"
"src/pages/system/group/visualization.vue","214","label","编号","编号","message.label.编号","$t('message.label.编号')"
"src/pages/system/group/visualization.vue","219","label","第几天","第几天","message.label.第几天","$t('message.label.第几天')"
"src/pages/system/group/visualization.vue","224","label","获取积分","获取积分","message.label.获取积分","$t('message.label.获取积分')"
"src/pages/system/group/visualization.vue","230","label","是否可用","是否可用","message.label.是否可用","$t('message.label.是否可用')"
"src/pages/system/group/visualization.vue","243","label","排序","排序","message.label.排序","$t('message.label.排序')"
"src/pages/system/group/visualization.vue","248","label","操作","操作","message.label.操作","$t('message.label.操作')"
"src/pages/system/group/visualization.vue","250","button","编辑","编辑","message.button.编辑","$t('message.button.编辑')"
"src/pages/system/group/visualization.vue","250","button","编辑","编辑","message.button.编辑","$t('message.button.编辑')"
"src/pages/system/group/visualization.vue","252","button","删除这条信息","删除这条信息","message.button.删除这条信息","$t('message.button.删除这条信息')"
"src/pages/system/group/visualization.vue","252","button","删除","删除","message.button.删除","$t('message.button.删除')"
"src/pages/system/group/visualization.vue","263","text","充值金额设置","充值金额设置","message.text.充值金额设置","$t('message.text.充值金额设置')"
"src/pages/system/group/visualization.vue","267","text","添加数据","添加数据","message.text.添加数据","$t('message.text.添加数据')"
"src/pages/system/group/visualization.vue","269","text","添加数据","添加数据","message.text.添加数据","$t('message.text.添加数据')"
"src/pages/system/group/visualization.vue","280","text","暂无数据","暂无数据","message.text.暂无数据","$t('message.text.暂无数据')"
"src/pages/system/group/visualization.vue","281","text","暂无筛选结果","暂无筛选结果","message.text.暂无筛选结果","$t('message.text.暂无筛选结果')"
"src/pages/system/group/visualization.vue","307","button","编辑","编辑","message.button.编辑","$t('message.button.编辑')"
"src/pages/system/group/visualization.vue","307","button","编辑","编辑","message.button.编辑","$t('message.button.编辑')"
"src/pages/system/group/visualization.vue","309","button","删除这条信息","删除这条信息","message.button.删除这条信息","$t('message.button.删除这条信息')"
"src/pages/system/group/visualization.vue","309","button","删除","删除","message.button.删除","$t('message.button.删除')"
"src/pages/system/group/visualization.vue","324","text","幻灯片设置","幻灯片设置","message.text.幻灯片设置","$t('message.text.幻灯片设置')"
"src/pages/system/group/visualization.vue","325","text","轮播图设置","轮播图设置","message.text.轮播图设置","$t('message.text.轮播图设置')"
"src/pages/system/group/visualization.vue","326","text","建议尺寸","建议尺寸","message.text.建议尺寸","$t('message.text.建议尺寸')"
"src/pages/system/group/visualization.vue","326","text","拖拽图片可调整图片顺序哦","拖拽图片可调整图片顺序哦","message.text.拖拽图片可调整图片顺序哦","$t('message.text.拖拽图片可调整图片顺序哦')"
"src/pages/system/group/visualization.vue","326","text","最多添加五张","最多添加五张","message.text.最多添加五张","$t('message.text.最多添加五张')"
"src/pages/system/group/visualization.vue","339","button","单选","单选","message.button.单选","$t('message.button.单选')"
"src/pages/system/group/visualization.vue","356","button","单选","单选","message.button.单选","$t('message.button.单选')"
"src/pages/system/group/visualization.vue","373","text","链接地址","链接地址","message.text.链接地址","$t('message.text.链接地址')"
"src/pages/system/group/visualization.vue","420","text","引导页设置","引导页设置","message.text.引导页设置","$t('message.text.引导页设置')"
"src/pages/system/group/visualization.vue","421","text","建议尺寸","建议尺寸","message.text.建议尺寸","$t('message.text.建议尺寸')"
"src/pages/system/group/visualization.vue","421","text","拖拽图片可调整图片顺序哦","拖拽图片可调整图片顺序哦","message.text.拖拽图片可调整图片顺序哦","$t('message.text.拖拽图片可调整图片顺序哦')"
"src/pages/system/group/visualization.vue","421","text","最多添加五张","最多添加五张","message.text.最多添加五张","$t('message.text.最多添加五张')"
"src/pages/system/group/visualization.vue","425","label","开屏广告","开屏广告","message.label.开屏广告","$t('message.label.开屏广告')"
"src/pages/system/group/visualization.vue","428","label","广告时间","广告时间","message.label.广告时间","$t('message.label.广告时间')"
"src/pages/system/group/visualization.vue","432","placeholder","请输入开屏广告时间","请输入开屏广告时间","message.placeholder.请输入开屏广告时间","$t('message.placeholder.请输入开屏广告时间')"
"src/pages/system/group/visualization.vue","435","text","单位","单位","message.text.单位","$t('message.text.单位')"
"src/pages/system/group/visualization.vue","435","text","秒","秒","message.text.秒","$t('message.text.秒')"
"src/pages/system/group/visualization.vue","444","button","单选","单选","message.button.单选","$t('message.button.单选')"
"src/pages/system/group/visualization.vue","455","text","图片名称","图片名称","message.text.图片名称","$t('message.text.图片名称')"
"src/pages/system/group/visualization.vue","457","placeholder","请填写名称","请填写名称","message.placeholder.请填写名称","$t('message.placeholder.请填写名称')"
"src/pages/system/group/visualization.vue","461","text","链接地址","链接地址","message.text.链接地址","$t('message.text.链接地址')"
"src/pages/system/group/visualization.vue","463","placeholder","选择链接","选择链接","message.placeholder.选择链接","$t('message.placeholder.选择链接')"
"src/pages/system/group/visualization.vue","472","title","上传商品图","上传商品图","message.title.上传商品图","$t('message.title.上传商品图')"
"src/pages/system/group/visualization.vue","558","text","编辑器不自动被内容撑高","编辑器不自动被内容撑高","message.text.编辑器不自动被内容撑高","$t('message.text.编辑器不自动被内容撑高')"
"src/pages/system/group/visualization.vue","559","text","初始容器高度","初始容器高度","message.text.初始容器高度","$t('message.text.初始容器高度')"
"src/pages/system/group/visualization.vue","560","text","初始容器宽度","初始容器宽度","message.text.初始容器宽度","$t('message.text.初始容器宽度')"
"src/pages/system/group/visualization.vue","564","text","判断的隐私协议","判断的隐私协议","message.text.判断的隐私协议","$t('message.text.判断的隐私协议')"
"src/pages/system/group/visualization.vue","579","text","进度条默认","进度条默认","message.text.进度条默认","$t('message.text.进度条默认')"
"src/pages/system/group/visualization.vue","600","text","视频上传类型","视频上传类型","message.text.视频上传类型","$t('message.text.视频上传类型')"
"src/pages/system/group/visualization.vue","600","text","本地上传","本地上传","message.text.本地上传","$t('message.text.本地上传')"
"src/pages/system/group/visualization.vue","600","text","上传","上传","message.text.上传","$t('message.text.上传')"
"src/pages/system/group/visualization.vue","601","text","上传参数","上传参数","message.text.上传参数","$t('message.text.上传参数')"
"src/pages/system/group/visualization.vue","612","text","单选","单选","message.text.单选","$t('message.text.单选')"
"src/pages/system/group/visualization.vue","646","text","是否显示进度条","是否显示进度条","message.text.是否显示进度条","$t('message.text.是否显示进度条')"
"src/pages/system/group/visualization.vue","695","text","只能上传","只能上传","message.text.只能上传","$t('message.text.只能上传')"
"src/pages/system/group/visualization.vue","695","text","文件","文件","message.text.文件","$t('message.text.文件')"
"src/pages/system/group/visualization.vue","714","text","视频上传成功","视频上传成功","message.text.视频上传成功","$t('message.text.视频上传成功')"
"src/pages/system/group/visualization.vue","834","text","精品推荐","精品推荐","message.text.精品推荐","$t('message.text.精品推荐')"
"src/pages/system/group/visualization.vue","844","text","热门榜单","热门榜单","message.text.热门榜单","$t('message.text.热门榜单')"
"src/pages/system/group/visualization.vue","847","text","首发新品","首发新品","message.text.首发新品","$t('message.text.首发新品')"
"src/pages/system/group/visualization.vue","850","text","促销单品","促销单品","message.text.促销单品","$t('message.text.促销单品')"
"src/pages/system/group/visualization.vue","880","text","最多添加五张呦","最多添加五张呦","message.text.最多添加五张呦","$t('message.text.最多添加五张呦')"
"src/pages/system/maintain/systemCleardata/index.vue","26","text","更换域名","更换域名","message.text.更换域名","$t('message.text.更换域名')"
"src/pages/system/maintain/systemDatabackup/index.vue","8","text","数据库表列表","数据库表列表","message.text.数据库表列表","$t('message.text.数据库表列表')"
"src/pages/system/maintain/systemDatabackup/index.vue","66","text","详情模态框","详情模态框","message.text.详情模态框","$t('message.text.详情模态框')"
"src/pages/system/maintain/systemDatabackup/index.vue","226","text","截取字符串","截取字符串","message.text.截取字符串","$t('message.text.截取字符串')"
"src/pages/system/maintain/systemFile/components/codemirror.vue","61","text","登录","登录","message.text.登录","$t('message.text.登录')"
"src/pages/system/maintain/systemFile/components/codemirror.vue","62","text","登录之后列表","登录之后列表","message.text.登录之后列表","$t('message.text.登录之后列表')"
"src/pages/system/maintain/systemFile/components/codemirror.vue","81","text","默认值是","默认值是","message.text.默认值是","$t('message.text.默认值是')"
"src/pages/system/maintain/systemFile/components/codemirror.vue","81","text","代表是否深度监听","代表是否深度监听","message.text.代表是否深度监听","$t('message.text.代表是否深度监听')"
"src/pages/system/maintain/systemFile/components/codemirror.vue","87","text","默认值是","默认值是","message.text.默认值是","$t('message.text.默认值是')"
"src/pages/system/maintain/systemFile/components/codemirror.vue","87","text","代表是否深度监听","代表是否深度监听","message.text.代表是否深度监听","$t('message.text.代表是否深度监听')"
"src/pages/system/maintain/systemFile/components/codemirror.vue","92","text","文本域默认显示的文本","文本域默认显示的文本","message.text.文本域默认显示的文本","$t('message.text.文本域默认显示的文本')"
"src/pages/system/maintain/systemFile/components/codemirror.vue","94","text","样式选择","样式选择","message.text.样式选择","$t('message.text.样式选择')"
"src/pages/system/maintain/systemFile/components/codemirror.vue","95","text","缩进单位","缩进单位","message.text.缩进单位","$t('message.text.缩进单位')"
"src/pages/system/maintain/systemFile/components/codemirror.vue","95","text","默认","默认","message.text.默认","$t('message.text.默认')"
"src/pages/system/maintain/systemFile/components/codemirror.vue","96","text","是否智能缩进","是否智能缩进","message.text.是否智能缩进","$t('message.text.是否智能缩进')"
"src/pages/system/maintain/systemFile/components/codemirror.vue","97","text","缩进","缩进","message.text.缩进","$t('message.text.缩进')"
"src/pages/system/maintain/systemFile/components/codemirror.vue","97","text","默认","默认","message.text.默认","$t('message.text.默认')"
"src/pages/system/maintain/systemFile/components/codemirror.vue","98","text","是否只读","是否只读","message.text.是否只读","$t('message.text.是否只读')"
"src/pages/system/maintain/systemFile/components/codemirror.vue","98","text","默认","默认","message.text.默认","$t('message.text.默认')"
"src/pages/system/maintain/systemFile/components/codemirror.vue","100","text","是否显示行号","是否显示行号","message.text.是否显示行号","$t('message.text.是否显示行号')"
"src/pages/system/maintain/systemFile/components/codemirror.vue","106","text","自定义快捷键","自定义快捷键","message.text.自定义快捷键","$t('message.text.自定义快捷键')"
"src/pages/system/maintain/systemFile/opendir.vue","111","text","新建文件夹","新建文件夹","message.text.新建文件夹","$t('message.text.新建文件夹')"
"src/pages/system/maintain/systemFile/opendir.vue","114","text","新建文件","新建文件","message.text.新建文件","$t('message.text.新建文件')"
"src/pages/system/maintain/systemFile/opendir.vue","116","button","重命名","重命名","message.button.重命名","$t('message.button.重命名')"
"src/pages/system/maintain/systemFile/opendir.vue","117","button","删除","删除","message.button.删除","$t('message.button.删除')"
"src/pages/system/maintain/systemFile/opendir.vue","159","placeholder","请输入名字","请输入名字","message.placeholder.请输入名字","$t('message.placeholder.请输入名字')"
"src/pages/system/maintain/systemFile/opendir.vue","198","text","编辑器开关","编辑器开关","message.text.编辑器开关","$t('message.text.编辑器开关')"
"src/pages/system/maintain/systemFile/opendir.vue","199","text","当前编辑器对象","当前编辑器对象","message.text.当前编辑器对象","$t('message.text.当前编辑器对象')"
"src/pages/system/maintain/systemFile/opendir.vue","209","text","编辑器数组","编辑器数组","message.text.编辑器数组","$t('message.text.编辑器数组')"
"src/pages/system/maintain/systemFile/opendir.vue","210","text","当前编辑器索引","当前编辑器索引","message.text.当前编辑器索引","$t('message.text.当前编辑器索引')"
"src/pages/system/maintain/systemFile/opendir.vue","211","text","当前文件打开时的内容","当前文件打开时的内容","message.text.当前文件打开时的内容","$t('message.text.当前文件打开时的内容')"
"src/pages/system/maintain/systemFile/opendir.vue","212","text","左侧导航数据","左侧导航数据","message.text.左侧导航数据","$t('message.text.左侧导航数据')"
"src/pages/system/maintain/systemFile/opendir.vue","213","text","左侧导航点击是选中的数据","左侧导航点击是选中的数据","message.text.左侧导航点击是选中的数据","$t('message.text.左侧导航点击是选中的数据')"
"src/pages/system/maintain/systemFile/opendir.vue","214","text","左侧导航右键点击是产生的数据对象","左侧导航右键点击是产生的数据对象","message.text.左侧导航右键点击是产生的数据对象","$t('message.text.左侧导航右键点击是产生的数据对象')"
"src/pages/system/maintain/systemFile/opendir.vue","216","text","文件操作类型","文件操作类型","message.text.文件操作类型","$t('message.text.文件操作类型')"
"src/pages/system/maintain/systemFile/opendir.vue","216","text","创建文件夹","创建文件夹","message.text.创建文件夹","$t('message.text.创建文件夹')"
"src/pages/system/maintain/systemFile/opendir.vue","216","text","创建文件","创建文件","message.text.创建文件","$t('message.text.创建文件')"
"src/pages/system/maintain/systemFile/opendir.vue","216","text","删除文件夹或者文件","删除文件夹或者文件","message.text.删除文件夹或者文件","$t('message.text.删除文件夹或者文件')"
"src/pages/system/maintain/systemFile/opendir.vue","217","text","全屏","全屏","message.text.全屏","$t('message.text.全屏')"
"src/pages/system/maintain/systemFile/opendir.vue","217","text","名","名","message.text.名","$t('message.text.名')"
"src/pages/system/maintain/systemFile/opendir.vue","219","text","当前文件是否保存","当前文件是否保存","message.text.当前文件是否保存","$t('message.text.当前文件是否保存')"
"src/pages/system/maintain/systemFile/opendir.vue","221","text","登录","登录","message.text.登录","$t('message.text.登录')"
"src/pages/system/maintain/systemFile/opendir.vue","222","text","登录之后列表","登录之后列表","message.text.登录之后列表","$t('message.text.登录之后列表')"
"src/pages/system/maintain/systemFile/opendir.vue","235","text","当前完整文件路径","当前完整文件路径","message.text.当前完整文件路径","$t('message.text.当前完整文件路径')"
"src/pages/system/maintain/systemFile/opendir.vue","237","text","当前文件路径","当前文件路径","message.text.当前文件路径","$t('message.text.当前文件路径')"
"src/pages/system/maintain/systemFile/opendir.vue","238","text","当前文件标题","当前文件标题","message.text.当前文件标题","$t('message.text.当前文件标题')"
"src/pages/system/maintain/systemFile/opendir.vue","247","text","表单开关","表单开关","message.text.表单开关","$t('message.text.表单开关')"
"src/pages/system/maintain/systemFile/opendir.vue","248","text","表单标题","表单标题","message.text.表单标题","$t('message.text.表单标题')"
"src/pages/system/maintain/systemFile/opendir.vue","250","text","打开文件路径","打开文件路径","message.text.打开文件路径","$t('message.text.打开文件路径')"
"src/pages/system/maintain/systemFile/opendir.vue","282","text","文件列表","文件列表","message.text.文件列表","$t('message.text.文件列表')"
"src/pages/system/maintain/systemFile/opendir.vue","283","text","是否重新加载","是否重新加载","message.text.是否重新加载","$t('message.text.是否重新加载')"
"src/pages/system/maintain/systemFile/opendir.vue","284","text","是否是编辑器中的刷新","是否是编辑器中的刷新","message.text.是否是编辑器中的刷新","$t('message.text.是否是编辑器中的刷新')"
"src/pages/system/maintain/systemFile/opendir.vue","383","text","备注","备注","message.text.备注","$t('message.text.备注')"
"src/pages/system/maintain/systemFile/opendir.vue","394","text","保存","保存","message.text.保存","$t('message.text.保存')"
"src/pages/system/maintain/systemFile/opendir.vue","395","text","当前索引","当前索引","message.text.当前索引","$t('message.text.当前索引')"
"src/pages/system/maintain/systemFile/opendir.vue","396","text","不更新当前本地数据","不更新当前本地数据","message.text.不更新当前本地数据","$t('message.text.不更新当前本地数据')"
"src/pages/system/maintain/systemFile/opendir.vue","396","text","或者为空","或者为空","message.text.或者为空","$t('message.text.或者为空')"
"src/pages/system/maintain/systemFile/opendir.vue","396","text","更新当前数据","更新当前数据","message.text.更新当前数据","$t('message.text.更新当前数据')"
"src/pages/system/maintain/systemFile/opendir.vue","505","text","侧边栏点击事件","侧边栏点击事件","message.text.侧边栏点击事件","$t('message.text.侧边栏点击事件')"
"src/pages/system/maintain/systemFile/opendir.vue","623","text","初始化编辑器","初始化编辑器","message.text.初始化编辑器","$t('message.text.初始化编辑器')"
"src/pages/system/maintain/systemFile/opendir.vue","630","text","编辑器初始显示文字","编辑器初始显示文字","message.text.编辑器初始显示文字","$t('message.text.编辑器初始显示文字')"
"src/pages/system/maintain/systemFile/opendir.vue","631","text","语言支持自行查阅","语言支持自行查阅","message.text.语言支持自行查阅","$t('message.text.语言支持自行查阅')"
"src/pages/system/maintain/systemFile/opendir.vue","632","text","自动布局","自动布局","message.text.自动布局","$t('message.text.自动布局')"
"src/pages/system/maintain/systemFile/opendir.vue","633","text","官方自带三种主题","官方自带三种主题","message.text.官方自带三种主题","$t('message.text.官方自带三种主题')"
"src/pages/system/maintain/systemFile/opendir.vue","634","text","代码可分小段折叠","代码可分小段折叠","message.text.代码可分小段折叠","$t('message.text.代码可分小段折叠')"
"src/pages/system/maintain/systemFile/opendir.vue","635","text","不要滚动条的边框","不要滚动条的边框","message.text.不要滚动条的边框","$t('message.text.不要滚动条的边框')"
"src/pages/system/maintain/systemFile/opendir.vue","638","text","竖滚动条","竖滚动条","message.text.竖滚动条","$t('message.text.竖滚动条')"
"src/pages/system/maintain/systemFile/opendir.vue","639","text","横滚动条","横滚动条","message.text.横滚动条","$t('message.text.横滚动条')"
"src/pages/system/maintain/systemFile/opendir.vue","641","text","自动布局","自动布局","message.text.自动布局","$t('message.text.自动布局')"
"src/pages/system/maintain/systemFile/opendir.vue","642","text","缩进长度","缩进长度","message.text.缩进长度","$t('message.text.缩进长度')"
"src/pages/system/maintain/systemFile/opendir.vue","667","text","切换语言","切换语言","message.text.切换语言","$t('message.text.切换语言')"
"src/pages/system/maintain/systemFile/opendir.vue","671","text","获取旧模型","获取旧模型","message.text.获取旧模型","$t('message.text.获取旧模型')"
"src/pages/system/maintain/systemFile/opendir.vue","762","text","退出表单","退出表单","message.text.退出表单","$t('message.text.退出表单')"
"src/pages/system/maintain/systemFile/opendir.vue","769","text","处理接口回调","处理接口回调","message.text.处理接口回调","$t('message.text.处理接口回调')"
"src/pages/system/maintain/systemFile/opendir.vue","800","text","窗口最大化","窗口最大化","message.text.窗口最大化","$t('message.text.窗口最大化')"
"src/pages/system/maintain/systemFile/opendir.vue","810","text","切换选项卡","切换选项卡","message.text.切换选项卡","$t('message.text.切换选项卡')"
"src/pages/system/maintain/systemFile/opendir.vue","815","text","设置文件打开时的代码","设置文件打开时的代码","message.text.设置文件打开时的代码","$t('message.text.设置文件打开时的代码')"
"src/pages/system/maintain/systemFile/opendir.vue","816","text","设置编辑器实例","设置编辑器实例","message.text.设置编辑器实例","$t('message.text.设置编辑器实例')"
"src/pages/system/maintain/systemFile/opendir.vue","846","text","关闭选项卡","关闭选项卡","message.text.关闭选项卡","$t('message.text.关闭选项卡')"
"src/pages/system/maintain/systemFile/opendir.vue","868","text","文件未保存","文件未保存","message.text.文件未保存","$t('message.text.文件未保存')"
"src/pages/system/maintain/systemFile/opendir.vue","868","text","是否要保存该文件","是否要保存该文件","message.text.是否要保存该文件","$t('message.text.是否要保存该文件')"
"src/pages/system/maintain/systemFile/opendir.vue","872","text","已取消","已取消","message.text.已取消","$t('message.text.已取消')"
"src/pages/system/maintain/systemFile/opendir.vue","872","text","文件保存","文件保存","message.text.文件保存","$t('message.text.文件保存')"
"src/pages/system/maintain/systemFile/opendir.vue","880","text","编辑器开关","编辑器开关","message.text.编辑器开关","$t('message.text.编辑器开关')"
"src/pages/system/maintain/systemFile/opendir.vue","881","text","当前编辑器对象","当前编辑器对象","message.text.当前编辑器对象","$t('message.text.当前编辑器对象')"
"src/pages/system/maintain/systemFile/opendir.vue","891","text","编辑器数组","编辑器数组","message.text.编辑器数组","$t('message.text.编辑器数组')"
"src/pages/system/maintain/systemFile/opendir.vue","892","text","当前编辑器索引","当前编辑器索引","message.text.当前编辑器索引","$t('message.text.当前编辑器索引')"
"src/pages/system/maintain/systemFile/opendir.vue","893","text","当前文件打开时的内容","当前文件打开时的内容","message.text.当前文件打开时的内容","$t('message.text.当前文件打开时的内容')"
"src/pages/system/maintain/systemFile/opendir.vue","894","text","左侧导航数据","左侧导航数据","message.text.左侧导航数据","$t('message.text.左侧导航数据')"
"src/pages/system/maintain/systemFile/opendir.vue","895","text","左侧导航点击是选中的数据","左侧导航点击是选中的数据","message.text.左侧导航点击是选中的数据","$t('message.text.左侧导航点击是选中的数据')"
"src/pages/system/maintain/systemFile/opendir.vue","896","text","左侧导航右键点击是产生的数据对象","左侧导航右键点击是产生的数据对象","message.text.左侧导航右键点击是产生的数据对象","$t('message.text.左侧导航右键点击是产生的数据对象')"
"src/pages/system/maintain/systemFile/opendir.vue","904","text","微软雅黑","微软雅黑","message.text.微软雅黑","$t('message.text.微软雅黑')"
"src/pages/system/maintain/systemFile/opendir.vue","1082","text","不换行","不换行","message.text.不换行","$t('message.text.不换行')"
"src/pages/system/maintain/systemFile/opendir.vue","1083","text","不换行","不换行","message.text.不换行","$t('message.text.不换行')"
"src/pages/system/maintain/systemFile/opendir.vue","1124","text","不换行","不换行","message.text.不换行","$t('message.text.不换行')"
"src/pages/system/maintain/systemFile/opendir.vue","1125","text","不换行","不换行","message.text.不换行","$t('message.text.不换行')"
"src/pages/system/onlineUpgrade/index.vue","72","text","免责声明","免责声明","message.text.免责声明","$t('message.text.免责声明')"
"src/pages/system/onlineUpgrade/index.vue","90","text","升级","升级","message.text.升级","$t('message.text.升级')"
"src/pages/system/onlineUpgrade/index.vue","112","button","确认","确认","message.button.确认","$t('message.button.确认')"
"src/pages/system/onlineUpgrade/index.vue","120","button","返回","返回","message.button.返回","$t('message.button.返回')"
"src/pages/system/systemMenus/components/menusFrom.vue","480","text","定义滚动条高宽及背景","定义滚动条高宽及背景","message.text.定义滚动条高宽及背景","$t('message.text.定义滚动条高宽及背景')"
"src/pages/system/systemMenus/components/menusFrom.vue","480","text","高宽分别对应横竖滚动条的尺寸","高宽分别对应横竖滚动条的尺寸","message.text.高宽分别对应横竖滚动条的尺寸","$t('message.text.高宽分别对应横竖滚动条的尺寸')"
"src/pages/system/systemMenus/components/menusFrom.vue","487","text","定义滚动条轨道","定义滚动条轨道","message.text.定义滚动条轨道","$t('message.text.定义滚动条轨道')"
"src/pages/system/systemMenus/components/menusFrom.vue","487","text","内阴影","内阴影","message.text.内阴影","$t('message.text.内阴影')"
"src/pages/system/systemMenus/components/menusFrom.vue","487","text","圆角","圆角","message.text.圆角","$t('message.text.圆角')"
"src/pages/system/systemMenus/components/menusFrom.vue","493","text","定义滑块","定义滑块","message.text.定义滑块","$t('message.text.定义滑块')"
"src/pages/system/systemMenus/components/menusFrom.vue","493","text","内阴影","内阴影","message.text.内阴影","$t('message.text.内阴影')"
"src/pages/system/systemMenus/components/menusFrom.vue","493","text","圆角","圆角","message.text.圆角","$t('message.text.圆角')"
"src/pages/system/systemMenus/index.vue","79","button","添加规则","添加规则","message.button.添加规则","$t('message.button.添加规则')"
"src/pages/system/systemMenus/index.vue","79","button","添加规则","添加规则","message.button.添加规则","$t('message.button.添加规则')"
"src/pages/system/systemMenus/index.vue","192","text","权限树","权限树","message.text.权限树","$t('message.text.权限树')"
"src/pages/system/systemMenus/index.vue","213","text","基础接口列表","基础接口列表","message.text.基础接口列表","$t('message.text.基础接口列表')"
"src/pages/system/systemMenus/index.vue","214","text","公开接口列表","公开接口列表","message.text.公开接口列表","$t('message.text.公开接口列表')"
"src/pages/system/systemMenus/index.vue","215","text","选中路由","选中路由","message.text.选中路由","$t('message.text.选中路由')"
"src/pages/system/systemMenus/index.vue","216","text","选中","选中","message.text.选中","$t('message.text.选中')"
"src/pages/system/systemMenus/index.vue","217","text","选中分类","选中分类","message.text.选中分类","$t('message.text.选中分类')"
"src/pages/system/systemMenus/index.vue","218","text","选中节点","选中节点","message.text.选中节点","$t('message.text.选中节点')"
"src/pages/system/systemMenus/index.vue","516","text","定义滚动条高宽及背景","定义滚动条高宽及背景","message.text.定义滚动条高宽及背景","$t('message.text.定义滚动条高宽及背景')"
"src/pages/system/systemMenus/index.vue","516","text","高宽分别对应横竖滚动条的尺寸","高宽分别对应横竖滚动条的尺寸","message.text.高宽分别对应横竖滚动条的尺寸","$t('message.text.高宽分别对应横竖滚动条的尺寸')"
"src/pages/system/systemMenus/index.vue","523","text","定义滚动条轨道","定义滚动条轨道","message.text.定义滚动条轨道","$t('message.text.定义滚动条轨道')"
"src/pages/system/systemMenus/index.vue","523","text","内阴影","内阴影","message.text.内阴影","$t('message.text.内阴影')"
"src/pages/system/systemMenus/index.vue","523","text","圆角","圆角","message.text.圆角","$t('message.text.圆角')"
"src/pages/system/systemMenus/index.vue","529","text","定义滑块","定义滑块","message.text.定义滑块","$t('message.text.定义滑块')"
"src/pages/system/systemMenus/index.vue","529","text","内阴影","内阴影","message.text.内阴影","$t('message.text.内阴影')"
"src/pages/system/systemMenus/index.vue","529","text","圆角","圆角","message.text.圆角","$t('message.text.圆角')"